,survived,pclass,sex,age,sibsp,parch,fare,embarked,who,adult_male,deck,alone
0,0,3,male,22.0,1,0,7.25,S,man,True,,False
1,1,1,female,38.0,1,0,71.2833,C,woman,False,C,False
2,1,3,female,26.0,0,0,7.925,S,woman,False,,True
3,1,1,female,35.0,1,0,53.1,S,woman,False,C,False
4,0,3,male,35.0,0,0,8.05,S,man,True,,True
5,0,3,male,,0,0,8.4583,Q,man,True,,True
6,0,1,male,54.0,0,0,51.8625,S,man,True,E,True
7,0,3,male,2.0,3,1,21.075,S,child,False,,False
8,1,3,female,27.0,0,2,11.1333,S,woman,False,,False
9,1,2,female,14.0,1,0,30.0708,C,child,False,,False
10,1,3,female,4.0,1,1,16.7,S,child,False,G,False
11,1,1,female,58.0,0,0,26.55,S,woman,False,C,True
12,0,3,male,20.0,0,0,8.05,S,man,True,,True
13,0,3,male,39.0,1,5,31.275,S,man,True,,False
14,0,3,female,14.0,0,0,7.8542,S,child,False,,True
15,1,2,female,55.0,0,0,16.0,S,woman,False,,True
16,0,3,male,2.0,4,1,29.125,Q,child,False,,False
17,1,2,male,,0,0,13.0,S,man,True,,True
18,0,3,female,31.0,1,0,18.0,S,woman,False,,False
19,1,3,female,,0,0,7.225,C,woman,False,,True
20,0,2,male,35.0,0,0,26.0,S,man,True,,True
21,1,2,male,34.0,0,0,13.0,S,man,True,D,True
22,1,3,female,15.0,0,0,8.0292,Q,child,False,,True
23,1,1,male,28.0,0,0,35.5,S,man,True,A,True
24,0,3,female,8.0,3,1,21.075,S,child,False,,False
25,1,3,female,38.0,1,5,31.3875,S,woman,False,,False
26,0,3,male,,0,0,7.225,C,man,True,,True
27,0,1,male,19.0,3,2,263.0,S,man,True,C,False
28,1,3,female,,0,0,7.8792,Q,woman,False,,True
29,0,3,male,,0,0,7.8958,S,man,True,,True
30,0,1,male,40.0,0,0,27.7208,C,man,True,,True
31,1,1,female,,1,0,146.5208,C,woman,False,B,False
32,1,3,female,,0,0,7.75,Q,woman,False,,True
33,0,2,male,66.0,0,0,10.5,S,man,True,,True
34,0,1,male,28.0,1,0,82.1708,C,man,True,,False
35,0,1,male,42.0,1,0,52.0,S,man,True,,False
36,1,3,male,,0,0,7.2292,C,man,True,,True
37,0,3,male,21.0,0,0,8.05,S,man,True,,True
38,0,3,female,18.0,2,0,18.0,S,woman,False,,False
39,1,3,female,14.0,1,0,11.2417,C,child,False,,False
40,0,3,female,40.0,1,0,9.475,S,woman,False,,False
41,0,2,female,27.0,1,0,21.0,S,woman,False,,False
42,0,3,male,,0,0,7.8958,C,man,True,,True
43,1,2,female,3.0,1,2,41.5792,C,child,False,,False
44,1,3,female,19.0,0,0,7.8792,Q,woman,False,,True
45,0,3,male,,0,0,8.05,S,man,True,,True
46,0,3,male,,1,0,15.5,Q,man,True,,False
47,1,3,female,,0,0,7.75,Q,woman,False,,True
48,0,3,male,,2,0,21.6792,C,man,True,,False
49,0,3,female,18.0,1,0,17.8,S,woman,False,,False
50,0,3,male,7.0,4,1,39.6875,S,child,False,,False
51,0,3,male,21.0,0,0,7.8,S,man,True,,True
52,1,1,female,49.0,1,0,76.7292,C,woman,False,D,False
53,1,2,female,29.0,1,0,26.0,S,woman,False,,False
54,0,1,male,65.0,0,1,61.9792,C,man,True,B,False
55,1,1,male,,0,0,35.5,S,man,True,C,True
56,1,2,female,21.0,0,0,10.5,S,woman,False,,True
57,0,3,male,28.5,0,0,7.2292,C,man,True,,True
58,1,2,female,5.0,1,2,27.75,S,child,False,,False
59,0,3,male,11.0,5,2,46.9,S,child,False,,False
60,0,3,male,22.0,0,0,7.2292,C,man,True,,True
61,1,1,female,38.0,0,0,80.0,,woman,False,B,True
62,0,1,male,45.0,1,0,83.475,S,man,True,C,False
63,0,3,male,4.0,3,2,27.9,S,child,False,,False
64,0,1,male,,0,0,27.7208,C,man,True,,True
65,1,3,male,,1,1,15.2458,C,man,True,,False
66,1,2,female,29.0,0,0,10.5,S,woman,False,F,True
67,0,3,male,19.0,0,0,8.1583,S,man,True,,True
68,1,3,female,17.0,4,2,7.925,S,woman,False,,False
69,0,3,male,26.0,2,0,8.6625,S,man,True,,False
70,0,2,male,32.0,0,0,10.5,S,man,True,,True
71,0,3,female,16.0,5,2,46.9,S,woman,False,,False
72,0,2,male,21.0,0,0,73.5,S,man,True,,True
73,0,3,male,26.0,1,0,14.4542,C,man,True,,False
74,1,3,male,32.0,0,0,56.4958,S,man,True,,True
75,0,3,male,25.0,0,0,7.65,S,man,True,F,True
76,0,3,male,,0,0,7.8958,S,man,True,,True
77,0,3,male,,0,0,8.05,S,man,True,,True
78,1,2,male,0.83,0,2,29.0,S,child,False,,False
79,1,3,female,30.0,0,0,12.475,S,woman,False,,True
80,0,3,male,22.0,0,0,9.0,S,man,True,,True
81,1,3,male,29.0,0,0,9.5,S,man,True,,True
82,1,3,female,,0,0,7.7875,Q,woman,False,,True
83,0,1,male,28.0,0,0,47.1,S,man,True,,True
84,1,2,female,17.0,0,0,10.5,S,woman,False,,True
85,1,3,female,33.0,3,0,15.85,S,woman,False,,False
86,0,3,male,16.0,1,3,34.375,S,man,True,,False
87,0,3,male,,0,0,8.05,S,man,True,,True
88,1,1,female,23.0,3,2,263.0,S,woman,False,C,False
89,0,3,male,24.0,0,0,8.05,S,man,True,,True
90,0,3,male,29.0,0,0,8.05,S,man,True,,True
91,0,3,male,20.0,0,0,7.8542,S,man,True,,True
92,0,1,male,46.0,1,0,61.175,S,man,True,E,False
93,0,3,male,26.0,1,2,20.575,S,man,True,,False
94,0,3,male,59.0,0,0,7.25,S,man,True,,True
95,0,3,male,,0,0,8.05,S,man,True,,True
96,0,1,male,71.0,0,0,34.6542,C,man,True,A,True
97,1,1,male,23.0,0,1,63.3583,C,man,True,D,False
98,1,2,female,34.0,0,1,23.0,S,woman,False,,False
99,0,2,male,34.0,1,0,26.0,S,man,True,,False
100,0,3,female,28.0,0,0,7.8958,S,woman,False,,True
101,0,3,male,,0,0,7.8958,S,man,True,,True
102,0,1,male,21.0,0,1,77.2875,S,man,True,D,False
103,0,3,male,33.0,0,0,8.6542,S,man,True,,True
104,0,3,male,37.0,2,0,7.925,S,man,True,,False
105,0,3,male,28.0,0,0,7.8958,S,man,True,,True
106,1,3,female,21.0,0,0,7.65,S,woman,False,,True
107,1,3,male,,0,0,7.775,S,man,True,,True
108,0,3,male,38.0,0,0,7.8958,S,man,True,,True
109,1,3,female,,1,0,24.15,Q,woman,False,,False
110,0,1,male,47.0,0,0,52.0,S,man,True,C,True
111,0,3,female,14.5,1,0,14.4542,C,child,False,,False
112,0,3,male,22.0,0,0,8.05,S,man,True,,True
113,0,3,female,20.0,1,0,9.825,S,woman,False,,False
114,0,3,female,17.0,0,0,14.4583,C,woman,False,,True
115,0,3,male,21.0,0,0,7.925,S,man,True,,True
116,0,3,male,70.5,0,0,7.75,Q,man,True,,True
117,0,2,male,29.0,1,0,21.0,S,man,True,,False
118,0,1,male,24.0,0,1,247.5208,C,man,True,B,False
119,0,3,female,2.0,4,2,31.275,S,child,False,,False
120,0,2,male,21.0,2,0,73.5,S,man,True,,False
121,0,3,male,,0,0,8.05,S,man,True,,True
122,0,2,male,32.5,1,0,30.0708,C,man,True,,False
123,1,2,female,32.5,0,0,13.0,S,woman,False,E,True
124,0,1,male,54.0,0,1,77.2875,S,man,True,D,False
125,1,3,male,12.0,1,0,11.2417,C,child,False,,False
126,0,3,male,,0,0,7.75,Q,man,True,,True
127,1,3,male,24.0,0,0,7.1417,S,man,True,,True
128,1,3,female,,1,1,22.3583,C,woman,False,F,False
129,0,3,male,45.0,0,0,6.975,S,man,True,,True
130,0,3,male,33.0,0,0,7.8958,C,man,True,,True
131,0,3,male,20.0,0,0,7.05,S,man,True,,True
132,0,3,female,47.0,1,0,14.5,S,woman,False,,False
133,1,2,female,29.0,1,0,26.0,S,woman,False,,False
134,0,2,male,25.0,0,0,13.0,S,man,True,,True
135,0,2,male,23.0,0,0,15.0458,C,man,True,,True
136,1,1,female,19.0,0,2,26.2833,S,woman,False,D,False
137,0,1,male,37.0,1,0,53.1,S,man,True,C,False
138,0,3,male,16.0,0,0,9.2167,S,man,True,,True
139,0,1,male,24.0,0,0,79.2,C,man,True,B,True
140,0,3,female,,0,2,15.2458,C,woman,False,,False
141,1,3,female,22.0,0,0,7.75,S,woman,False,,True
142,1,3,female,24.0,1,0,15.85,S,woman,False,,False
143,0,3,male,19.0,0,0,6.75,Q,man,True,,True
144,0,2,male,18.0,0,0,11.5,S,man,True,,True
145,0,2,male,19.0,1,1,36.75,S,man,True,,False
146,1,3,male,27.0,0,0,7.7958,S,man,True,,True
147,0,3,female,9.0,2,2,34.375,S,child,False,,False
148,0,2,male,36.5,0,2,26.0,S,man,True,F,False
149,0,2,male,42.0,0,0,13.0,S,man,True,,True
150,0,2,male,51.0,0,0,12.525,S,man,True,,True
151,1,1,female,22.0,1,0,66.6,S,woman,False,C,False
152,0,3,male,55.5,0,0,8.05,S,man,True,,True
153,0,3,male,40.5,0,2,14.5,S,man,True,,False
154,0,3,male,,0,0,7.3125,S,man,True,,True
155,0,1,male,51.0,0,1,61.3792,C,man,True,,False
156,1,3,female,16.0,0,0,7.7333,Q,woman,False,,True
157,0,3,male,30.0,0,0,8.05,S,man,True,,True
158,0,3,male,,0,0,8.6625,S,man,True,,True
159,0,3,male,,8,2,69.55,S,man,True,,False
160,0,3,male,44.0,0,1,16.1,S,man,True,,False
161,1,2,female,40.0,0,0,15.75,S,woman,False,,True
162,0,3,male,26.0,0,0,7.775,S,man,True,,True
163,0,3,male,17.0,0,0,8.6625,S,man,True,,True
164,0,3,male,1.0,4,1,39.6875,S,child,False,,False
165,1,3,male,9.0,0,2,20.525,S,child,False,,False
166,1,1,female,,0,1,55.0,S,woman,False,E,False
167,0,3,female,45.0,1,4,27.9,S,woman,False,,False
168,0,1,male,,0,0,25.925,S,man,True,,True
169,0,3,male,28.0,0,0,56.4958,S,man,True,,True
170,0,1,male,61.0,0,0,33.5,S,man,True,B,True
171,0,3,male,4.0,4,1,29.125,Q,child,False,,False
172,1,3,female,1.0,1,1,11.1333,S,child,False,,False
173,0,3,male,21.0,0,0,7.925,S,man,True,,True
174,0,1,male,56.0,0,0,30.6958,C,man,True,A,True
175,0,3,male,18.0,1,1,7.8542,S,man,True,,False
176,0,3,male,,3,1,25.4667,S,man,True,,False
177,0,1,female,50.0,0,0,28.7125,C,woman,False,C,True
178,0,2,male,30.0,0,0,13.0,S,man,True,,True
179,0,3,male,36.0,0,0,0.0,S,man,True,,True
180,0,3,female,,8,2,69.55,S,woman,False,,False
181,0,2,male,,0,0,15.05,C,man,True,,True
182,0,3,male,9.0,4,2,31.3875,S,child,False,,False
183,1,2,male,1.0,2,1,39.0,S,child,False,F,False
184,1,3,female,4.0,0,2,22.025,S,child,False,,False
185,0,1,male,,0,0,50.0,S,man,True,A,True
186,1,3,female,,1,0,15.5,Q,woman,False,,False
187,1,1,male,45.0,0,0,26.55,S,man,True,,True
188,0,3,male,40.0,1,1,15.5,Q,man,True,,False
189,0,3,male,36.0,0,0,7.8958,S,man,True,,True
190,1,2,female,32.0,0,0,13.0,S,woman,False,,True
191,0,2,male,19.0,0,0,13.0,S,man,True,,True
192,1,3,female,19.0,1,0,7.8542,S,woman,False,,False
193,1,2,male,3.0,1,1,26.0,S,child,False,F,False
194,1,1,female,44.0,0,0,27.7208,C,woman,False,B,True
195,1,1,female,58.0,0,0,146.5208,C,woman,False,B,True
196,0,3,male,,0,0,7.75,Q,man,True,,True
197,0,3,male,42.0,0,1,8.4042,S,man,True,,False
198,1,3,female,,0,0,7.75,Q,woman,False,,True
199,0,2,female,24.0,0,0,13.0,S,woman,False,,True
200,0,3,male,28.0,0,0,9.5,S,man,True,,True
201,0,3,male,,8,2,69.55,S,man,True,,False
202,0,3,male,34.0,0,0,6.4958,S,man,True,,True
203,0,3,male,45.5,0,0,7.225,C,man,True,,True
204,1,3,male,18.0,0,0,8.05,S,man,True,,True
205,0,3,female,2.0,0,1,10.4625,S,child,False,G,False
206,0,3,male,32.0,1,0,15.85,S,man,True,,False
207,1,3,male,26.0,0,0,18.7875,C,man,True,,True
208,1,3,female,16.0,0,0,7.75,Q,woman,False,,True
209,1,1,male,40.0,0,0,31.0,C,man,True,A,True
210,0,3,male,24.0,0,0,7.05,S,man,True,,True
211,1,2,female,35.0,0,0,21.0,S,woman,False,,True
212,0,3,male,22.0,0,0,7.25,S,man,True,,True
213,0,2,male,30.0,0,0,13.0,S,man,True,,True
214,0,3,male,,1,0,7.75,Q,man,True,,False
215,1,1,female,31.0,1,0,113.275,C,woman,False,D,False
216,1,3,female,27.0,0,0,7.925,S,woman,False,,True
217,0,2,male,42.0,1,0,27.0,S,man,True,,False
218,1,1,female,32.0,0,0,76.2917,C,woman,False,D,True
219,0,2,male,30.0,0,0,10.5,S,man,True,,True
220,1,3,male,16.0,0,0,8.05,S,man,True,,True
221,0,2,male,27.0,0,0,13.0,S,man,True,,True
222,0,3,male,51.0,0,0,8.05,S,man,True,,True
223,0,3,male,,0,0,7.8958,S,man,True,,True
224,1,1,male,38.0,1,0,90.0,S,man,True,C,False
225,0,3,male,22.0,0,0,9.35,S,man,True,,True
226,1,2,male,19.0,0,0,10.5,S,man,True,,True
227,0,3,male,20.5,0,0,7.25,S,man,True,,True
228,0,2,male,18.0,0,0,13.0,S,man,True,,True
229,0,3,female,,3,1,25.4667,S,woman,False,,False
230,1,1,female,35.0,1,0,83.475,S,woman,False,C,False
231,0,3,male,29.0,0,0,7.775,S,man,True,,True
232,0,2,male,59.0,0,0,13.5,S,man,True,,True
233,1,3,female,5.0,4,2,31.3875,S,child,False,,False
234,0,2,male,24.0,0,0,10.5,S,man,True,,True
235,0,3,female,,0,0,7.55,S,woman,False,,True
236,0,2,male,44.0,1,0,26.0,S,man,True,,False
237,1,2,female,8.0,0,2,26.25,S,child,False,,False
238,0,2,male,19.0,0,0,10.5,S,man,True,,True
239,0,2,male,33.0,0,0,12.275,S,man,True,,True
240,0,3,female,,1,0,14.4542,C,woman,False,,False
241,1,3,female,,1,0,15.5,Q,woman,False,,False
242,0,2,male,29.0,0,0,10.5,S,man,True,,True
243,0,3,male,22.0,0,0,7.125,S,man,True,,True
244,0,3,male,30.0,0,0,7.225,C,man,True,,True
245,0,1,male,44.0,2,0,90.0,Q,man,True,C,False
246,0,3,female,25.0,0,0,7.775,S,woman,False,,True
247,1,2,female,24.0,0,2,14.5,S,woman,False,,False
248,1,1,male,37.0,1,1,52.5542,S,man,True,D,False
249,0,2,male,54.0,1,0,26.0,S,man,True,,False
250,0,3,male,,0,0,7.25,S,man,True,,True
251,0,3,female,29.0,1,1,10.4625,S,woman,False,G,False
252,0,1,male,62.0,0,0,26.55,S,man,True,C,True
253,0,3,male,30.0,1,0,16.1,S,man,True,,False
254,0,3,female,41.0,0,2,20.2125,S,woman,False,,False
255,1,3,female,29.0,0,2,15.2458,C,woman,False,,False
256,1,1,female,,0,0,79.2,C,woman,False,,True
257,1,1,female,30.0,0,0,86.5,S,woman,False,B,True
258,1,1,female,35.0,0,0,512.3292,C,woman,False,,True
259,1,2,female,50.0,0,1,26.0,S,woman,False,,False
260,0,3,male,,0,0,7.75,Q,man,True,,True
261,1,3,male,3.0,4,2,31.3875,S,child,False,,False
262,0,1,male,52.0,1,1,79.65,S,man,True,E,False
263,0,1,male,40.0,0,0,0.0,S,man,True,B,True
264,0,3,female,,0,0,7.75,Q,woman,False,,True
265,0,2,male,36.0,0,0,10.5,S,man,True,,True
266,0,3,male,16.0,4,1,39.6875,S,man,True,,False
267,1,3,male,25.0,1,0,7.775,S,man,True,,False
268,1,1,female,58.0,0,1,153.4625,S,woman,False,C,False
269,1,1,female,35.0,0,0,135.6333,S,woman,False,C,True
270,0,1,male,,0,0,31.0,S,man,True,,True
271,1,3,male,25.0,0,0,0.0,S,man,True,,True
272,1,2,female,41.0,0,1,19.5,S,woman,False,,False
273,0,1,male,37.0,0,1,29.7,C,man,True,C,False
274,1,3,female,,0,0,7.75,Q,woman,False,,True
275,1,1,female,63.0,1,0,77.9583,S,woman,False,D,False
276,0,3,female,45.0,0,0,7.75,S,woman,False,,True
277,0,2,male,,0,0,0.0,S,man,True,,True
278,0,3,male,7.0,4,1,29.125,Q,child,False,,False
279,1,3,female,35.0,1,1,20.25,S,woman,False,,False
280,0,3,male,65.0,0,0,7.75,Q,man,True,,True
281,0,3,male,28.0,0,0,7.8542,S,man,True,,True
282,0,3,male,16.0,0,0,9.5,S,man,True,,True
283,1,3,male,19.0,0,0,8.05,S,man,True,,True
284,0,1,male,,0,0,26.0,S,man,True,A,True
285,0,3,male,33.0,0,0,8.6625,C,man,True,,True
286,1,3,male,30.0,0,0,9.5,S,man,True,,True
287,0,3,male,22.0,0,0,7.8958,S,man,True,,True
288,1,2,male,42.0,0,0,13.0,S,man,True,,True
289,1,3,female,22.0,0,0,7.75,Q,woman,False,,True
290,1,1,female,26.0,0,0,78.85,S,woman,False,,True
291,1,1,female,19.0,1,0,91.0792,C,woman,False,B,False
292,0,2,male,36.0,0,0,12.875,C,man,True,D,True
293,0,3,female,24.0,0,0,8.85,S,woman,False,,True
294,0,3,male,24.0,0,0,7.8958,S,man,True,,True
295,0,1,male,,0,0,27.7208,C,man,True,,True
296,0,3,male,23.5,0,0,7.2292,C,man,True,,True
297,0,1,female,2.0,1,2,151.55,S,child,False,C,False
298,1,1,male,,0,0,30.5,S,man,True,C,True
299,1,1,female,50.0,0,1,247.5208,C,woman,False,B,False
300,1,3,female,,0,0,7.75,Q,woman,False,,True
301,1,3,male,,2,0,23.25,Q,man,True,,False
302,0,3,male,19.0,0,0,0.0,S,man,True,,True
303,1,2,female,,0,0,12.35,Q,woman,False,E,True
304,0,3,male,,0,0,8.05,S,man,True,,True
305,1,1,male,0.92,1,2,151.55,S,child,False,C,False
306,1,1,female,,0,0,110.8833,C,woman,False,,True
307,1,1,female,17.0,1,0,108.9,C,woman,False,C,False
308,0,2,male,30.0,1,0,24.0,C,man,True,,False
309,1,1,female,30.0,0,0,56.9292,C,woman,False,E,True
310,1,1,female,24.0,0,0,83.1583,C,woman,False,C,True
311,1,1,female,18.0,2,2,262.375,C,woman,False,B,False
312,0,2,female,26.0,1,1,26.0,S,woman,False,,False
313,0,3,male,28.0,0,0,7.8958,S,man,True,,True
314,0,2,male,43.0,1,1,26.25,S,man,True,,False
315,1,3,female,26.0,0,0,7.8542,S,woman,False,,True
316,1,2,female,24.0,1,0,26.0,S,woman,False,,False
317,0,2,male,54.0,0,0,14.0,S,man,True,,True
318,1,1,female,31.0,0,2,164.8667,S,woman,False,C,False
319,1,1,female,40.0,1,1,134.5,C,woman,False,E,False
320,0,3,male,22.0,0,0,7.25,S,man,True,,True
321,0,3,male,27.0,0,0,7.8958,S,man,True,,True
322,1,2,female,30.0,0,0,12.35,Q,woman,False,,True
323,1,2,female,22.0,1,1,29.0,S,woman,False,,False
324,0,3,male,,8,2,69.55,S,man,True,,False
325,1,1,female,36.0,0,0,135.6333,C,woman,False,C,True
326,0,3,male,61.0,0,0,6.2375,S,man,True,,True
327,1,2,female,36.0,0,0,13.0,S,woman,False,D,True
328,1,3,female,31.0,1,1,20.525,S,woman,False,,False
329,1,1,female,16.0,0,1,57.9792,C,woman,False,B,False
330,1,3,female,,2,0,23.25,Q,woman,False,,False
331,0,1,male,45.5,0,0,28.5,S,man,True,C,True
332,0,1,male,38.0,0,1,153.4625,S,man,True,C,False
333,0,3,male,16.0,2,0,18.0,S,man,True,,False
334,1,1,female,,1,0,133.65,S,woman,False,,False
335,0,3,male,,0,0,7.8958,S,man,True,,True
336,0,1,male,29.0,1,0,66.6,S,man,True,C,False
337,1,1,female,41.0,0,0,134.5,C,woman,False,E,True
338,1,3,male,45.0,0,0,8.05,S,man,True,,True
339,0,1,male,45.0,0,0,35.5,S,man,True,,True
340,1,2,male,2.0,1,1,26.0,S,child,False,F,False
341,1,1,female,24.0,3,2,263.0,S,woman,False,C,False
342,0,2,male,28.0,0,0,13.0,S,man,True,,True
343,0,2,male,25.0,0,0,13.0,S,man,True,,True
344,0,2,male,36.0,0,0,13.0,S,man,True,,True
345,1,2,female,24.0,0,0,13.0,S,woman,False,F,True
346,1,2,female,40.0,0,0,13.0,S,woman,False,,True
347,1,3,female,,1,0,16.1,S,woman,False,,False
348,1,3,male,3.0,1,1,15.9,S,child,False,,False
349,0,3,male,42.0,0,0,8.6625,S,man,True,,True
350,0,3,male,23.0,0,0,9.225,S,man,True,,True
351,0,1,male,,0,0,35.0,S,man,True,C,True
352,0,3,male,15.0,1,1,7.2292,C,child,False,,False
353,0,3,male,25.0,1,0,17.8,S,man,True,,False
354,0,3,male,,0,0,7.225,C,man,True,,True
355,0,3,male,28.0,0,0,9.5,S,man,True,,True
356,1,1,female,22.0,0,1,55.0,S,woman,False,E,False
357,0,2,female,38.0,0,0,13.0,S,woman,False,,True
358,1,3,female,,0,0,7.8792,Q,woman,False,,True
359,1,3,female,,0,0,7.8792,Q,woman,False,,True
360,0,3,male,40.0,1,4,27.9,S,man,True,,False
361,0,2,male,29.0,1,0,27.7208,C,man,True,,False
362,0,3,female,45.0,0,1,14.4542,C,woman,False,,False
363,0,3,male,35.0,0,0,7.05,S,man,True,,True
364,0,3,male,,1,0,15.5,Q,man,True,,False
365,0,3,male,30.0,0,0,7.25,S,man,True,,True
366,1,1,female,60.0,1,0,75.25,C,woman,False,D,False
367,1,3,female,,0,0,7.2292,C,woman,False,,True
368,1,3,female,,0,0,7.75,Q,woman,False,,True
369,1,1,female,24.0,0,0,69.3,C,woman,False,B,True
370,1,1,male,25.0,1,0,55.4417,C,man,True,E,False
371,0,3,male,18.0,1,0,6.4958,S,man,True,,False
372,0,3,male,19.0,0,0,8.05,S,man,True,,True
373,0,1,male,22.0,0,0,135.6333,C,man,True,,True
374,0,3,female,3.0,3,1,21.075,S,child,False,,False
375,1,1,female,,1,0,82.1708,C,woman,False,,False
376,1,3,female,22.0,0,0,7.25,S,woman,False,,True
377,0,1,male,27.0,0,2,211.5,C,man,True,C,False
378,0,3,male,20.0,0,0,4.0125,C,man,True,,True
379,0,3,male,19.0,0,0,7.775,S,man,True,,True
380,1,1,female,42.0,0,0,227.525,C,woman,False,,True
381,1,3,female,1.0,0,2,15.7417,C,child,False,,False
382,0,3,male,32.0,0,0,7.925,S,man,True,,True
383,1,1,female,35.0,1,0,52.0,S,woman,False,,False
384,0,3,male,,0,0,7.8958,S,man,True,,True
385,0,2,male,18.0,0,0,73.5,S,man,True,,True
386,0,3,male,1.0,5,2,46.9,S,child,False,,False
387,1,2,female,36.0,0,0,13.0,S,woman,False,,True
388,0,3,male,,0,0,7.7292,Q,man,True,,True
389,1,2,female,17.0,0,0,12.0,C,woman,False,,True
390,1,1,male,36.0,1,2,120.0,S,man,True,B,False
391,1,3,male,21.0,0,0,7.7958,S,man,True,,True
392,0,3,male,28.0,2,0,7.925,S,man,True,,False
393,1,1,female,23.0,1,0,113.275,C,woman,False,D,False
394,1,3,female,24.0,0,2,16.7,S,woman,False,G,False
395,0,3,male,22.0,0,0,7.7958,S,man,True,,True
396,0,3,female,31.0,0,0,7.8542,S,woman,False,,True
397,0,2,male,46.0,0,0,26.0,S,man,True,,True
398,0,2,male,23.0,0,0,10.5,S,man,True,,True
399,1,2,female,28.0,0,0,12.65,S,woman,False,,True
400,1,3,male,39.0,0,0,7.925,S,man,True,,True
401,0,3,male,26.0,0,0,8.05,S,man,True,,True
402,0,3,female,21.0,1,0,9.825,S,woman,False,,False
403,0,3,male,28.0,1,0,15.85,S,man,True,,False
404,0,3,female,20.0,0,0,8.6625,S,woman,False,,True
405,0,2,male,34.0,1,0,21.0,S,man,True,,False
406,0,3,male,51.0,0,0,7.75,S,man,True,,True
407,1,2,male,3.0,1,1,18.75,S,child,False,,False
408,0,3,male,21.0,0,0,7.775,S,man,True,,True
409,0,3,female,,3,1,25.4667,S,woman,False,,False
410,0,3,male,,0,0,7.8958,S,man,True,,True
411,0,3,male,,0,0,6.8583,Q,man,True,,True
412,1,1,female,33.0,1,0,90.0,Q,woman,False,C,False
413,0,2,male,,0,0,0.0,S,man,True,,True
414,1,3,male,44.0,0,0,7.925,S,man,True,,True
415,0,3,female,,0,0,8.05,S,woman,False,,True
416,1,2,female,34.0,1,1,32.5,S,woman,False,,False
417,1,2,female,18.0,0,2,13.0,S,woman,False,,False
418,0,2,male,30.0,0,0,13.0,S,man,True,,True
419,0,3,female,10.0,0,2,24.15,S,child,False,,False
420,0,3,male,,0,0,7.8958,C,man,True,,True
421,0,3,male,21.0,0,0,7.7333,Q,man,True,,True
422,0,3,male,29.0,0,0,7.875,S,man,True,,True
423,0,3,female,28.0,1,1,14.4,S,woman,False,,False
424,0,3,male,18.0,1,1,20.2125,S,man,True,,False
425,0,3,male,,0,0,7.25,S,man,True,,True
426,1,2,female,28.0,1,0,26.0,S,woman,False,,False
427,1,2,female,19.0,0,0,26.0,S,woman,False,,True
428,0,3,male,,0,0,7.75,Q,man,True,,True
429,1,3,male,32.0,0,0,8.05,S,man,True,E,True
430,1,1,male,28.0,0,0,26.55,S,man,True,C,True
431,1,3,female,,1,0,16.1,S,woman,False,,False
432,1,2,female,42.0,1,0,26.0,S,woman,False,,False
433,0,3,male,17.0,0,0,7.125,S,man,True,,True
434,0,1,male,50.0,1,0,55.9,S,man,True,E,False
435,1,1,female,14.0,1,2,120.0,S,child,False,B,False
436,0,3,female,21.0,2,2,34.375,S,woman,False,,False
437,1,2,female,24.0,2,3,18.75,S,woman,False,,False
438,0,1,male,64.0,1,4,263.0,S,man,True,C,False
439,0,2,male,31.0,0,0,10.5,S,man,True,,True
440,1,2,female,45.0,1,1,26.25,S,woman,False,,False
441,0,3,male,20.0,0,0,9.5,S,man,True,,True
442,0,3,male,25.0,1,0,7.775,S,man,True,,False
443,1,2,female,28.0,0,0,13.0,S,woman,False,,True
444,1,3,male,,0,0,8.1125,S,man,True,,True
445,1,1,male,4.0,0,2,81.8583,S,child,False,A,False
446,1,2,female,13.0,0,1,19.5,S,child,False,,False
447,1,1,male,34.0,0,0,26.55,S,man,True,,True
448,1,3,female,5.0,2,1,19.2583,C,child,False,,False
449,1,1,male,52.0,0,0,30.5,S,man,True,C,True
450,0,2,male,36.0,1,2,27.75,S,man,True,,False
451,0,3,male,,1,0,19.9667,S,man,True,,False
452,0,1,male,30.0,0,0,27.75,C,man,True,C,True
453,1,1,male,49.0,1,0,89.1042,C,man,True,C,False
454,0,3,male,,0,0,8.05,S,man,True,,True
455,1,3,male,29.0,0,0,7.8958,C,man,True,,True
456,0,1,male,65.0,0,0,26.55,S,man,True,E,True
457,1,1,female,,1,0,51.8625,S,woman,False,D,False
458,1,2,female,50.0,0,0,10.5,S,woman,False,,True
459,0,3,male,,0,0,7.75,Q,man,True,,True
460,1,1,male,48.0,0,0,26.55,S,man,True,E,True
461,0,3,male,34.0,0,0,8.05,S,man,True,,True
462,0,1,male,47.0,0,0,38.5,S,man,True,E,True
463,0,2,male,48.0,0,0,13.0,S,man,True,,True
464,0,3,male,,0,0,8.05,S,man,True,,True
465,0,3,male,38.0,0,0,7.05,S,man,True,,True
466,0,2,male,,0,0,0.0,S,man,True,,True
467,0,1,male,56.0,0,0,26.55,S,man,True,,True
468,0,3,male,,0,0,7.725,Q,man,True,,True
469,1,3,female,0.75,2,1,19.2583,C,child,False,,False
470,0,3,male,,0,0,7.25,S,man,True,,True
471,0,3,male,38.0,0,0,8.6625,S,man,True,,True
472,1,2,female,33.0,1,2,27.75,S,woman,False,,False
473,1,2,female,23.0,0,0,13.7917,C,woman,False,D,True
474,0,3,female,22.0,0,0,9.8375,S,woman,False,,True
475,0,1,male,,0,0,52.0,S,man,True,A,True
476,0,2,male,34.0,1,0,21.0,S,man,True,,False
477,0,3,male,29.0,1,0,7.0458,S,man,True,,False
478,0,3,male,22.0,0,0,7.5208,S,man,True,,True
479,1,3,female,2.0,0,1,12.2875,S,child,False,,False
480,0,3,male,9.0,5,2,46.9,S,child,False,,False
481,0,2,male,,0,0,0.0,S,man,True,,True
482,0,3,male,50.0,0,0,8.05,S,man,True,,True
483,1,3,female,63.0,0,0,9.5875,S,woman,False,,True
484,1,1,male,25.0,1,0,91.0792,C,man,True,B,False
485,0,3,female,,3,1,25.4667,S,woman,False,,False
486,1,1,female,35.0,1,0,90.0,S,woman,False,C,False
487,0,1,male,58.0,0,0,29.7,C,man,True,B,True
488,0,3,male,30.0,0,0,8.05,S,man,True,,True
489,1,3,male,9.0,1,1,15.9,S,child,False,,False
490,0,3,male,,1,0,19.9667,S,man,True,,False
491,0,3,male,21.0,0,0,7.25,S,man,True,,True
492,0,1,male,55.0,0,0,30.5,S,man,True,C,True
493,0,1,male,71.0,0,0,49.5042,C,man,True,,True
494,0,3,male,21.0,0,0,8.05,S,man,True,,True
495,0,3,male,,0,0,14.4583,C,man,True,,True
496,1,1,female,54.0,1,0,78.2667,C,woman,False,D,False
497,0,3,male,,0,0,15.1,S,man,True,,True
498,0,1,female,25.0,1,2,151.55,S,woman,False,C,False
499,0,3,male,24.0,0,0,7.7958,S,man,True,,True
500,0,3,male,17.0,0,0,8.6625,S,man,True,,True
501,0,3,female,21.0,0,0,7.75,Q,woman,False,,True
502,0,3,female,,0,0,7.6292,Q,woman,False,,True
503,0,3,female,37.0,0,0,9.5875,S,woman,False,,True
504,1,1,female,16.0,0,0,86.5,S,woman,False,B,True
505,0,1,male,18.0,1,0,108.9,C,man,True,C,False
506,1,2,female,33.0,0,2,26.0,S,woman,False,,False
507,1,1,male,,0,0,26.55,S,man,True,,True
508,0,3,male,28.0,0,0,22.525,S,man,True,,True
509,1,3,male,26.0,0,0,56.4958,S,man,True,,True
510,1,3,male,29.0,0,0,7.75,Q,man,True,,True
511,0,3,male,,0,0,8.05,S,man,True,,True
512,1,1,male,36.0,0,0,26.2875,S,man,True,E,True
513,1,1,female,54.0,1,0,59.4,C,woman,False,,False
514,0,3,male,24.0,0,0,7.4958,S,man,True,,True
515,0,1,male,47.0,0,0,34.0208,S,man,True,D,True
516,1,2,female,34.0,0,0,10.5,S,woman,False,F,True
517,0,3,male,,0,0,24.15,Q,man,True,,True
518,1,2,female,36.0,1,0,26.0,S,woman,False,,False
519,0,3,male,32.0,0,0,7.8958,S,man,True,,True
520,1,1,female,30.0,0,0,93.5,S,woman,False,B,True
521,0,3,male,22.0,0,0,7.8958,S,man,True,,True
522,0,3,male,,0,0,7.225,C,man,True,,True
523,1,1,female,44.0,0,1,57.9792,C,woman,False,B,False
524,0,3,male,,0,0,7.2292,C,man,True,,True
525,0,3,male,40.5,0,0,7.75,Q,man,True,,True
526,1,2,female,50.0,0,0,10.5,S,woman,False,,True
527,0,1,male,,0,0,221.7792,S,man,True,C,True
528,0,3,male,39.0,0,0,7.925,S,man,True,,True
529,0,2,male,23.0,2,1,11.5,S,man,True,,False
530,1,2,female,2.0,1,1,26.0,S,child,False,,False
531,0,3,male,,0,0,7.2292,C,man,True,,True
532,0,3,male,17.0,1,1,7.2292,C,man,True,,False
533,1,3,female,,0,2,22.3583,C,woman,False,,False
534,0,3,female,30.0,0,0,8.6625,S,woman,False,,True
535,1,2,female,7.0,0,2,26.25,S,child,False,,False
536,0,1,male,45.0,0,0,26.55,S,man,True,B,True
537,1,1,female,30.0,0,0,106.425,C,woman,False,,True
538,0,3,male,,0,0,14.5,S,man,True,,True
539,1,1,female,22.0,0,2,49.5,C,woman,False,B,False
540,1,1,female,36.0,0,2,71.0,S,woman,False,B,False
541,0,3,female,9.0,4,2,31.275,S,child,False,,False
542,0,3,female,11.0,4,2,31.275,S,child,False,,False
543,1,2,male,32.0,1,0,26.0,S,man,True,,False
544,0,1,male,50.0,1,0,106.425,C,man,True,C,False
545,0,1,male,64.0,0,0,26.0,S,man,True,,True
546,1,2,female,19.0,1,0,26.0,S,woman,False,,False
547,1,2,male,,0,0,13.8625,C,man,True,,True
548,0,3,male,33.0,1,1,20.525,S,man,True,,False
549,1,2,male,8.0,1,1,36.75,S,child,False,,False
550,1,1,male,17.0,0,2,110.8833,C,man,True,C,False
551,0,2,male,27.0,0,0,26.0,S,man,True,,True
552,0,3,male,,0,0,7.8292,Q,man,True,,True
553,1,3,male,22.0,0,0,7.225,C,man,True,,True
554,1,3,female,22.0,0,0,7.775,S,woman,False,,True
555,0,1,male,62.0,0,0,26.55,S,man,True,,True
556,1,1,female,48.0,1,0,39.6,C,woman,False,A,False
557,0,1,male,,0,0,227.525,C,man,True,,True
558,1,1,female,39.0,1,1,79.65,S,woman,False,E,False
559,1,3,female,36.0,1,0,17.4,S,woman,False,,False
560,0,3,male,,0,0,7.75,Q,man,True,,True
561,0,3,male,40.0,0,0,7.8958,S,man,True,,True
562,0,2,male,28.0,0,0,13.5,S,man,True,,True
563,0,3,male,,0,0,8.05,S,man,True,,True
564,0,3,female,,0,0,8.05,S,woman,False,,True
565,0,3,male,24.0,2,0,24.15,S,man,True,,False
566,0,3,male,19.0,0,0,7.8958,S,man,True,,True
567,0,3,female,29.0,0,4,21.075,S,woman,False,,False
568,0,3,male,,0,0,7.2292,C,man,True,,True
569,1,3,male,32.0,0,0,7.8542,S,man,True,,True
570,1,2,male,62.0,0,0,10.5,S,man,True,,True
571,1,1,female,53.0,2,0,51.4792,S,woman,False,C,False
572,1,1,male,36.0,0,0,26.3875,S,man,True,E,True
573,1,3,female,,0,0,7.75,Q,woman,False,,True
574,0,3,male,16.0,0,0,8.05,S,man,True,,True
575,0,3,male,19.0,0,0,14.5,S,man,True,,True
576,1,2,female,34.0,0,0,13.0,S,woman,False,,True
577,1,1,female,39.0,1,0,55.9,S,woman,False,E,False
578,0,3,female,,1,0,14.4583,C,woman,False,,False
579,1,3,male,32.0,0,0,7.925,S,man,True,,True
580,1,2,female,25.0,1,1,30.0,S,woman,False,,False
581,1,1,female,39.0,1,1,110.8833,C,woman,False,C,False
582,0,2,male,54.0,0,0,26.0,S,man,True,,True
583,0,1,male,36.0,0,0,40.125,C,man,True,A,True
584,0,3,male,,0,0,8.7125,C,man,True,,True
585,1,1,female,18.0,0,2,79.65,S,woman,False,E,False
586,0,2,male,47.0,0,0,15.0,S,man,True,,True
587,1,1,male,60.0,1,1,79.2,C,man,True,B,False
588,0,3,male,22.0,0,0,8.05,S,man,True,,True
589,0,3,male,,0,0,8.05,S,man,True,,True
590,0,3,male,35.0,0,0,7.125,S,man,True,,True
591,1,1,female,52.0,1,0,78.2667,C,woman,False,D,False
592,0,3,male,47.0,0,0,7.25,S,man,True,,True
593,0,3,female,,0,2,7.75,Q,woman,False,,False
594,0,2,male,37.0,1,0,26.0,S,man,True,,False
595,0,3,male,36.0,1,1,24.15,S,man,True,,False
596,1,2,female,,0,0,33.0,S,woman,False,,True
597,0,3,male,49.0,0,0,0.0,S,man,True,,True
598,0,3,male,,0,0,7.225,C,man,True,,True
599,1,1,male,49.0,1,0,56.9292,C,man,True,A,False
600,1,2,female,24.0,2,1,27.0,S,woman,False,,False
601,0,3,male,,0,0,7.8958,S,man,True,,True
602,0,1,male,,0,0,42.4,S,man,True,,True
603,0,3,male,44.0,0,0,8.05,S,man,True,,True
604,1,1,male,35.0,0,0,26.55,C,man,True,,True
605,0,3,male,36.0,1,0,15.55,S,man,True,,False
606,0,3,male,30.0,0,0,7.8958,S,man,True,,True
607,1,1,male,27.0,0,0,30.5,S,man,True,,True
608,1,2,female,22.0,1,2,41.5792,C,woman,False,,False
609,1,1,female,40.0,0,0,153.4625,S,woman,False,C,True
610,0,3,female,39.0,1,5,31.275,S,woman,False,,False
611,0,3,male,,0,0,7.05,S,man,True,,True
612,1,3,female,,1,0,15.5,Q,woman,False,,False
613,0,3,male,,0,0,7.75,Q,man,True,,True
614,0,3,male,35.0,0,0,8.05,S,man,True,,True
615,1,2,female,24.0,1,2,65.0,S,woman,False,,False
616,0,3,male,34.0,1,1,14.4,S,man,True,,False
617,0,3,female,26.0,1,0,16.1,S,woman,False,,False
618,1,2,female,4.0,2,1,39.0,S,child,False,F,False
619,0,2,male,26.0,0,0,10.5,S,man,True,,True
620,0,3,male,27.0,1,0,14.4542,C,man,True,,False
621,1,1,male,42.0,1,0,52.5542,S,man,True,D,False
622,1,3,male,20.0,1,1,15.7417,C,man,True,,False
623,0,3,male,21.0,0,0,7.8542,S,man,True,,True
624,0,3,male,21.0,0,0,16.1,S,man,True,,True
625,0,1,male,61.0,0,0,32.3208,S,man,True,D,True
626,0,2,male,57.0,0,0,12.35,Q,man,True,,True
627,1,1,female,21.0,0,0,77.9583,S,woman,False,D,True
628,0,3,male,26.0,0,0,7.8958,S,man,True,,True
629,0,3,male,,0,0,7.7333,Q,man,True,,True
630,1,1,male,80.0,0,0,30.0,S,man,True,A,True
631,0,3,male,51.0,0,0,7.0542,S,man,True,,True
632,1,1,male,32.0,0,0,30.5,C,man,True,B,True
633,0,1,male,,0,0,0.0,S,man,True,,True
634,0,3,female,9.0,3,2,27.9,S,child,False,,False
635,1,2,female,28.0,0,0,13.0,S,woman,False,,True
636,0,3,male,32.0,0,0,7.925,S,man,True,,True
637,0,2,male,31.0,1,1,26.25,S,man,True,,False
638,0,3,female,41.0,0,5,39.6875,S,woman,False,,False
639,0,3,male,,1,0,16.1,S,man,True,,False
640,0,3,male,20.0,0,0,7.8542,S,man,True,,True
641,1,1,female,24.0,0,0,69.3,C,woman,False,B,True
642,0,3,female,2.0,3,2,27.9,S,child,False,,False
643,1,3,male,,0,0,56.4958,S,man,True,,True
644,1,3,female,0.75,2,1,19.2583,C,child,False,,False
645,1,1,male,48.0,1,0,76.7292,C,man,True,D,False
646,0,3,male,19.0,0,0,7.8958,S,man,True,,True
647,1,1,male,56.0,0,0,35.5,C,man,True,A,True
648,0,3,male,,0,0,7.55,S,man,True,,True
649,1,3,female,23.0,0,0,7.55,S,woman,False,,True
650,0,3,male,,0,0,7.8958,S,man,True,,True
651,1,2,female,18.0,0,1,23.0,S,woman,False,,False
652,0,3,male,21.0,0,0,8.4333,S,man,True,,True
653,1,3,female,,0,0,7.8292,Q,woman,False,,True
654,0,3,female,18.0,0,0,6.75,Q,woman,False,,True
655,0,2,male,24.0,2,0,73.5,S,man,True,,False
656,0,3,male,,0,0,7.8958,S,man,True,,True
657,0,3,female,32.0,1,1,15.5,Q,woman,False,,False
658,0,2,male,23.0,0,0,13.0,S,man,True,,True
659,0,1,male,58.0,0,2,113.275,C,man,True,D,False
660,1,1,male,50.0,2,0,133.65,S,man,True,,False
661,0,3,male,40.0,0,0,7.225,C,man,True,,True
662,0,1,male,47.0,0,0,25.5875,S,man,True,E,True
663,0,3,male,36.0,0,0,7.4958,S,man,True,,True
664,1,3,male,20.0,1,0,7.925,S,man,True,,False
665,0,2,male,32.0,2,0,73.5,S,man,True,,False
666,0,2,male,25.0,0,0,13.0,S,man,True,,True
667,0,3,male,,0,0,7.775,S,man,True,,True
668,0,3,male,43.0,0,0,8.05,S,man,True,,True
669,1,1,female,,1,0,52.0,S,woman,False,C,False
670,1,2,female,40.0,1,1,39.0,S,woman,False,,False
671,0,1,male,31.0,1,0,52.0,S,man,True,B,False
672,0,2,male,70.0,0,0,10.5,S,man,True,,True
673,1,2,male,31.0,0,0,13.0,S,man,True,,True
674,0,2,male,,0,0,0.0,S,man,True,,True
675,0,3,male,18.0,0,0,7.775,S,man,True,,True
676,0,3,male,24.5,0,0,8.05,S,man,True,,True
677,1,3,female,18.0,0,0,9.8417,S,woman,False,,True
678,0,3,female,43.0,1,6,46.9,S,woman,False,,False
679,1,1,male,36.0,0,1,512.3292,C,man,True,B,False
680,0,3,female,,0,0,8.1375,Q,woman,False,,True
681,1,1,male,27.0,0,0,76.7292,C,man,True,D,True
682,0,3,male,20.0,0,0,9.225,S,man,True,,True
683,0,3,male,14.0,5,2,46.9,S,child,False,,False
684,0,2,male,60.0,1,1,39.0,S,man,True,,False
685,0,2,male,25.0,1,2,41.5792,C,man,True,,False
686,0,3,male,14.0,4,1,39.6875,S,child,False,,False
687,0,3,male,19.0,0,0,10.1708,S,man,True,,True
688,0,3,male,18.0,0,0,7.7958,S,man,True,,True
689,1,1,female,15.0,0,1,211.3375,S,child,False,B,False
690,1,1,male,31.0,1,0,57.0,S,man,True,B,False
691,1,3,female,4.0,0,1,13.4167,C,child,False,,False
692,1,3,male,,0,0,56.4958,S,man,True,,True
693,0,3,male,25.0,0,0,7.225,C,man,True,,True
694,0,1,male,60.0,0,0,26.55,S,man,True,,True
695,0,2,male,52.0,0,0,13.5,S,man,True,,True
696,0,3,male,44.0,0,0,8.05,S,man,True,,True
697,1,3,female,,0,0,7.7333,Q,woman,False,,True
698,0,1,male,49.0,1,1,110.8833,C,man,True,C,False
699,0,3,male,42.0,0,0,7.65,S,man,True,F,True
700,1,1,female,18.0,1,0,227.525,C,woman,False,C,False
701,1,1,male,35.0,0,0,26.2875,S,man,True,E,True
702,0,3,female,18.0,0,1,14.4542,C,woman,False,,False
703,0,3,male,25.0,0,0,7.7417,Q,man,True,,True
704,0,3,male,26.0,1,0,7.8542,S,man,True,,False
705,0,2,male,39.0,0,0,26.0,S,man,True,,True
706,1,2,female,45.0,0,0,13.5,S,woman,False,,True
707,1,1,male,42.0,0,0,26.2875,S,man,True,E,True
708,1,1,female,22.0,0,0,151.55,S,woman,False,,True
709,1,3,male,,1,1,15.2458,C,man,True,,False
710,1,1,female,24.0,0,0,49.5042,C,woman,False,C,True
711,0,1,male,,0,0,26.55,S,man,True,C,True
712,1,1,male,48.0,1,0,52.0,S,man,True,C,False
713,0,3,male,29.0,0,0,9.4833,S,man,True,,True
714,0,2,male,52.0,0,0,13.0,S,man,True,,True
715,0,3,male,19.0,0,0,7.65,S,man,True,F,True
716,1,1,female,38.0,0,0,227.525,C,woman,False,C,True
717,1,2,female,27.0,0,0,10.5,S,woman,False,E,True
718,0,3,male,,0,0,15.5,Q,man,True,,True
719,0,3,male,33.0,0,0,7.775,S,man,True,,True
720,1,2,female,6.0,0,1,33.0,S,child,False,,False
721,0,3,male,17.0,1,0,7.0542,S,man,True,,False
722,0,2,male,34.0,0,0,13.0,S,man,True,,True
723,0,2,male,50.0,0,0,13.0,S,man,True,,True
724,1,1,male,27.0,1,0,53.1,S,man,True,E,False
725,0,3,male,20.0,0,0,8.6625,S,man,True,,True
726,1,2,female,30.0,3,0,21.0,S,woman,False,,False
727,1,3,female,,0,0,7.7375,Q,woman,False,,True
728,0,2,male,25.0,1,0,26.0,S,man,True,,False
729,0,3,female,25.0,1,0,7.925,S,woman,False,,False
730,1,1,female,29.0,0,0,211.3375,S,woman,False,B,True
731,0,3,male,11.0,0,0,18.7875,C,child,False,,True
732,0,2,male,,0,0,0.0,S,man,True,,True
733,0,2,male,23.0,0,0,13.0,S,man,True,,True
734,0,2,male,23.0,0,0,13.0,S,man,True,,True
735,0,3,male,28.5,0,0,16.1,S,man,True,,True
736,0,3,female,48.0,1,3,34.375,S,woman,False,,False
737,1,1,male,35.0,0,0,512.3292,C,man,True,B,True
738,0,3,male,,0,0,7.8958,S,man,True,,True
739,0,3,male,,0,0,7.8958,S,man,True,,True
740,1,1,male,,0,0,30.0,S,man,True,D,True
741,0,1,male,36.0,1,0,78.85,S,man,True,C,False
742,1,1,female,21.0,2,2,262.375,C,woman,False,B,False
743,0,3,male,24.0,1,0,16.1,S,man,True,,False
744,1,3,male,31.0,0,0,7.925,S,man,True,,True
745,0,1,male,70.0,1,1,71.0,S,man,True,B,False
746,0,3,male,16.0,1,1,20.25,S,man,True,,False
747,1,2,female,30.0,0,0,13.0,S,woman,False,,True
748,0,1,male,19.0,1,0,53.1,S,man,True,D,False
749,0,3,male,31.0,0,0,7.75,Q,man,True,,True
750,1,2,female,4.0,1,1,23.0,S,child,False,,False
751,1,3,male,6.0,0,1,12.475,S,child,False,E,False
752,0,3,male,33.0,0,0,9.5,S,man,True,,True
753,0,3,male,23.0,0,0,7.8958,S,man,True,,True
754,1,2,female,48.0,1,2,65.0,S,woman,False,,False
755,1,2,male,0.67,1,1,14.5,S,child,False,,False
756,0,3,male,28.0,0,0,7.7958,S,man,True,,True
757,0,2,male,18.0,0,0,11.5,S,man,True,,True
758,0,3,male,34.0,0,0,8.05,S,man,True,,True
759,1,1,female,33.0,0,0,86.5,S,woman,False,B,True
760,0,3,male,,0,0,14.5,S,man,True,,True
761,0,3,male,41.0,0,0,7.125,S,man,True,,True
762,1,3,male,20.0,0,0,7.2292,C,man,True,,True
763,1,1,female,36.0,1,2,120.0,S,woman,False,B,False
764,0,3,male,16.0,0,0,7.775,S,man,True,,True
765,1,1,female,51.0,1,0,77.9583,S,woman,False,D,False
766,0,1,male,,0,0,39.6,C,man,True,,True
767,0,3,female,30.5,0,0,7.75,Q,woman,False,,True
768,0,3,male,,1,0,24.15,Q,man,True,,False
769,0,3,male,32.0,0,0,8.3625,S,man,True,,True
770,0,3,male,24.0,0,0,9.5,S,man,True,,True
771,0,3,male,48.0,0,0,7.8542,S,man,True,,True
772,0,2,female,57.0,0,0,10.5,S,woman,False,E,True
773,0,3,male,,0,0,7.225,C,man,True,,True
774,1,2,female,54.0,1,3,23.0,S,woman,False,,False
775,0,3,male,18.0,0,0,7.75,S,man,True,,True
776,0,3,male,,0,0,7.75,Q,man,True,F,True
777,1,3,female,5.0,0,0,12.475,S,child,False,,True
778,0,3,male,,0,0,7.7375,Q,man,True,,True
779,1,1,female,43.0,0,1,211.3375,S,woman,False,B,False
780,1,3,female,13.0,0,0,7.2292,C,child,False,,True
781,1,1,female,17.0,1,0,57.0,S,woman,False,B,False
782,0,1,male,29.0,0,0,30.0,S,man,True,D,True
783,0,3,male,,1,2,23.45,S,man,True,,False
784,0,3,male,25.0,0,0,7.05,S,man,True,,True
785,0,3,male,25.0,0,0,7.25,S,man,True,,True
786,1,3,female,18.0,0,0,7.4958,S,woman,False,,True
787,0,3,male,8.0,4,1,29.125,Q,child,False,,False
788,1,3,male,1.0,1,2,20.575,S,child,False,,False
789,0,1,male,46.0,0,0,79.2,C,man,True,B,True
790,0,3,male,,0,0,7.75,Q,man,True,,True
791,0,2,male,16.0,0,0,26.0,S,man,True,,True
792,0,3,female,,8,2,69.55,S,woman,False,,False
793,0,1,male,,0,0,30.6958,C,man,True,,True
794,0,3,male,25.0,0,0,7.8958,S,man,True,,True
795,0,2,male,39.0,0,0,13.0,S,man,True,,True
796,1,1,female,49.0,0,0,25.9292,S,woman,False,D,True
797,1,3,female,31.0,0,0,8.6833,S,woman,False,,True
798,0,3,male,30.0,0,0,7.2292,C,man,True,,True
799,0,3,female,30.0,1,1,24.15,S,woman,False,,False
800,0,2,male,34.0,0,0,13.0,S,man,True,,True
801,1,2,female,31.0,1,1,26.25,S,woman,False,,False
802,1,1,male,11.0,1,2,120.0,S,child,False,B,False
803,1,3,male,0.42,0,1,8.5167,C,child,False,,False
804,1,3,male,27.0,0,0,6.975,S,man,True,,True
805,0,3,male,31.0,0,0,7.775,S,man,True,,True
806,0,1,male,39.0,0,0,0.0,S,man,True,A,True
807,0,3,female,18.0,0,0,7.775,S,woman,False,,True
808,0,2,male,39.0,0,0,13.0,S,man,True,,True
809,1,1,female,33.0,1,0,53.1,S,woman,False,E,False
810,0,3,male,26.0,0,0,7.8875,S,man,True,,True
811,0,3,male,39.0,0,0,24.15,S,man,True,,True
812,0,2,male,35.0,0,0,10.5,S,man,True,,True
813,0,3,female,6.0,4,2,31.275,S,child,False,,False
814,0,3,male,30.5,0,0,8.05,S,man,True,,True
815,0,1,male,,0,0,0.0,S,man,True,B,True
816,0,3,female,23.0,0,0,7.925,S,woman,False,,True
817,0,2,male,31.0,1,1,37.0042,C,man,True,,False
818,0,3,male,43.0,0,0,6.45,S,man,True,,True
819,0,3,male,10.0,3,2,27.9,S,child,False,,False
820,1,1,female,52.0,1,1,93.5,S,woman,False,B,False
821,1,3,male,27.0,0,0,8.6625,S,man,True,,True
822,0,1,male,38.0,0,0,0.0,S,man,True,,True
823,1,3,female,27.0,0,1,12.475,S,woman,False,E,False
824,0,3,male,2.0,4,1,39.6875,S,child,False,,False
825,0,3,male,,0,0,6.95,Q,man,True,,True
826,0,3,male,,0,0,56.4958,S,man,True,,True
827,1,2,male,1.0,0,2,37.0042,C,child,False,,False
828,1,3,male,,0,0,7.75,Q,man,True,,True
829,1,1,female,62.0,0,0,80.0,,woman,False,B,True
830,1,3,female,15.0,1,0,14.4542,C,child,False,,False
831,1,2,male,0.83,1,1,18.75,S,child,False,,False
832,0,3,male,,0,0,7.2292,C,man,True,,True
833,0,3,male,23.0,0,0,7.8542,S,man,True,,True
834,0,3,male,18.0,0,0,8.3,S,man,True,,True
835,1,1,female,39.0,1,1,83.1583,C,woman,False,E,False
836,0,3,male,21.0,0,0,8.6625,S,man,True,,True
837,0,3,male,,0,0,8.05,S,man,True,,True
838,1,3,male,32.0,0,0,56.4958,S,man,True,,True
839,1,1,male,,0,0,29.7,C,man,True,C,True
840,0,3,male,20.0,0,0,7.925,S,man,True,,True
841,0,2,male,16.0,0,0,10.5,S,man,True,,True
842,1,1,female,30.0,0,0,31.0,C,woman,False,,True
843,0,3,male,34.5,0,0,6.4375,C,man,True,,True
844,0,3,male,17.0,0,0,8.6625,S,man,True,,True
845,0,3,male,42.0,0,0,7.55,S,man,True,,True
846,0,3,male,,8,2,69.55,S,man,True,,False
847,0,3,male,35.0,0,0,7.8958,C,man,True,,True
848,0,2,male,28.0,0,1,33.0,S,man,True,,False
849,1,1,female,,1,0,89.1042,C,woman,False,C,False
850,0,3,male,4.0,4,2,31.275,S,child,False,,False
851,0,3,male,74.0,0,0,7.775,S,man,True,,True
852,0,3,female,9.0,1,1,15.2458,C,child,False,,False
853,1,1,female,16.0,0,1,39.4,S,woman,False,D,False
854,0,2,female,44.0,1,0,26.0,S,woman,False,,False
855,1,3,female,18.0,0,1,9.35,S,woman,False,,False
856,1,1,female,45.0,1,1,164.8667,S,woman,False,,False
857,1,1,male,51.0,0,0,26.55,S,man,True,E,True
858,1,3,female,24.0,0,3,19.2583,C,woman,False,,False
859,0,3,male,,0,0,7.2292,C,man,True,,True
860,0,3,male,41.0,2,0,14.1083,S,man,True,,False
861,0,2,male,21.0,1,0,11.5,S,man,True,,False
862,1,1,female,48.0,0,0,25.9292,S,woman,False,D,True
863,0,3,female,,8,2,69.55,S,woman,False,,False
864,0,2,male,24.0,0,0,13.0,S,man,True,,True
865,1,2,female,42.0,0,0,13.0,S,woman,False,,True
866,1,2,female,27.0,1,0,13.8583,C,woman,False,,False
867,0,1,male,31.0,0,0,50.4958,S,man,True,A,True
868,0,3,male,,0,0,9.5,S,man,True,,True
869,1,3,male,4.0,1,1,11.1333,S,child,False,,False
870,0,3,male,26.0,0,0,7.8958,S,man,True,,True
871,1,1,female,47.0,1,1,52.5542,S,woman,False,D,False
872,0,1,male,33.0,0,0,5.0,S,man,True,B,True
873,0,3,male,47.0,0,0,9.0,S,man,True,,True
874,1,2,female,28.0,1,0,24.0,C,woman,False,,False
875,1,3,female,15.0,0,0,7.225,C,child,False,,True
876,0,3,male,20.0,0,0,9.8458,S,man,True,,True
877,0,3,male,19.0,0,0,7.8958,S,man,True,,True
878,0,3,male,,0,0,7.8958,S,man,True,,True
879,1,1,female,56.0,0,1,83.1583,C,woman,False,C,False
880,1,2,female,25.0,0,1,26.0,S,woman,False,,False
881,0,3,male,33.0,0,0,7.8958,S,man,True,,True
882,0,3,female,22.0,0,0,10.5167,S,woman,False,,True
883,0,2,male,28.0,0,0,10.5,S,man,True,,True
884,0,3,male,25.0,0,0,7.05,S,man,True,,True
885,0,3,female,39.0,0,5,29.125,Q,woman,False,,False
886,0,2,male,27.0,0,0,13.0,S,man,True,,True
887,1,1,female,19.0,0,0,30.0,S,woman,False,B,True
888,0,3,female,,1,2,23.45,S,woman,False,,False
889,1,1,male,26.0,0,0,30.0,C,man,True,C,True
890,0,3,male,32.0,0,0,7.75,Q,man,True,,True
